model,top_k,threshold,precision,recall,f1,roc_auc,pr_auc
Random Forest,10,0.93,0.796923076923077,0.4942748091603053,0.6101295641931684,0.8449693573939323,0.5848005685027541
XGBoost,10,0.9,0.9717314487632508,0.5248091603053435,0.6815365551425031,0.8619982000599441,0.6260436051531915
Random Forest,20,0.78,0.8544303797468354,0.5152671755725191,0.6428571428571429,0.8779614588239476,0.6214036337745458
XGBoost,20,0.8300000000000001,0.913793103448276,0.5057251908396947,0.6511056511056511,0.9050820434974742,0.6431416946953794
Random Forest,30,0.74,0.8892307692307693,0.5515267175572519,0.6808009422850412,0.8684610795277822,0.6358401335780711
XGBoost,30,0.7100000000000001,0.90282131661442,0.549618320610687,0.6832740213523132,0.8904096640946697,0.6463296624430213
Random Forest,50,0.64,0.9391891891891893,0.5305343511450382,0.6780487804878049,0.8857474315711747,0.641502486632221
XGBoost,50,0.7000000000000001,0.8926380368098159,0.5553435114503816,0.6847058823529412,0.8971293460514018,0.648433717858298
Random Forest,165,0.55,0.9143730886850152,0.5706106870229007,0.7027027027027027,0.8902738405211101,0.6512994634328806
XGBoost,165,0.56,0.8982035928143712,0.5725190839694656,0.6993006993006993,0.8959654036656409,0.6591826676790589
