model,seed,threshold,precision,recall,f1,roc_auc,pr_auc,training_time_sec,best_epoch,validation_pr_auc
Random Forest,42,0.5700000000000001,0.9375,0.5725190839694656,0.7109004739336493,0.8910846416156158,0.6505730623461019,1.6025815829998464,,
Random Forest,123,0.56,0.9316770186335404,0.5725190839694656,0.7092198581560284,0.8953199134930067,0.6528244483047945,1.5678425000005518,,
Random Forest,2024,0.56,0.93125,0.5687022900763359,0.7061611374407583,0.8896688449603698,0.6496039131093156,1.5773486660000344,,
Random Forest,7,0.55,0.9371069182389937,0.5687022900763359,0.7078384798099763,0.8956080210434645,0.6518915652221347,1.5844127499985916,,
Random Forest,99,0.6,0.961038961038961,0.5648854961832062,0.7115384615384616,0.8936090413865031,0.6525892187230975,1.5878593749985157,,
GCN,42,0.72,0.4648648648648649,0.3282442748091603,0.38478747203579416,0.8001125366471189,0.33180559848843566,11.12013166700126,100.0,0.6027367150098467
GCN,123,0.62,0.4796747967479675,0.3377862595419847,0.3964165733482643,0.8028772785035615,0.3472439936322862,10.990845583000919,92.0,0.6172216457525768
GCN,2024,0.78,0.3648960739030023,0.3015267175572519,0.33019853709508884,0.776058939150231,0.26632519376115643,11.053215416999592,97.0,0.5699746638488444
GCN,7,0.78,0.41644562334217505,0.29961832061068705,0.34850166481687017,0.7722096283867028,0.2723838279076428,11.045640000000276,99.0,0.5727648858121872
GCN,99,0.76,0.40404040404040403,0.3053435114503817,0.34782608695652173,0.8009486847430844,0.29056091169677534,10.998116542003118,100.0,0.5760757271033138
GraphSAGE,42,0.93,0.42805100182149364,0.4484732824427481,0.4380242311276794,0.8373110285106303,0.4292187673392705,3.945254250000289,14.0,0.7119178817956218
GraphSAGE,123,0.91,0.38669064748201437,0.41030534351145037,0.39814814814814814,0.8243899148421538,0.35991751611957495,3.510344541999075,11.0,0.6861899811153901
GraphSAGE,2024,0.9,0.3898305084745763,0.4389312977099237,0.4129263913824057,0.8291097082852985,0.39402543366038123,3.6413369170004444,12.0,0.7216585501895395
GraphSAGE,7,0.79,0.6578171091445427,0.4255725190839695,0.5168018539976825,0.8520508652719018,0.47435712991816437,12.925600333001057,81.0,0.8114525986009371
GraphSAGE,99,0.93,0.4708994708994709,0.33969465648854963,0.3946784922394678,0.8366865430244649,0.3657571531029644,3.7736804999985907,13.0,0.6809769095806869
GAT,42,0.89,0.39956803455723544,0.3530534351145038,0.37487335359675783,0.8300275524935391,0.3214038987825484,12.53074129200104,33.0,0.5668913673638083
GAT,123,0.92,0.3656565656565657,0.34541984732824427,0.35525024533856725,0.8293139990580205,0.26667001058711576,13.201877458999661,36.0,0.6090904588324353
GAT,2024,0.91,0.2829581993569132,0.33587786259541985,0.30715532286212915,0.8262388321717472,0.2136644993773082,13.50672216699968,37.0,0.4914406330661687
GAT,7,0.88,0.24535315985130113,0.37786259541984735,0.2975206611570248,0.8253839010388433,0.21381518974790947,11.941509374999441,31.0,0.4059196709743003
GAT,99,0.91,0.2280130293159609,0.40076335877862596,0.2906574394463668,0.8038122900036273,0.20037492654573147,11.93200091700055,31.0,0.49856076626148826
