seed,model,pr_auc
7,GAT,0.2138151897479094
7,GCN,0.2723838279076428
7,GraphSAGE,0.4743571299181643
7,Random Forest,0.6518915652221347
42,GAT,0.3214038987825484
42,GCN,0.3318055984884356
42,GraphSAGE,0.4292187673392705
42,Random Forest,0.6505730623461019
99,GAT,0.2003749265457314
99,GCN,0.2905609116967753
99,GraphSAGE,0.3657571531029644
99,Random Forest,0.6525892187230975
123,GAT,0.2666700105871157
123,GCN,0.3472439936322862
123,GraphSAGE,0.3599175161195749
123,Random Forest,0.6528244483047945
2024,GAT,0.2136644993773082
2024,GCN,0.2663251937611564
2024,GraphSAGE,0.3940254336603812
2024,Random Forest,0.6496039131093156
