model,top_k,threshold,val_f1,val_pr_auc,precision,recall,f1,roc_auc,pr_auc
GCN,10,0.75,0.4430379746835443,0.3753058950862381,0.16615384615384615,0.30916030534351147,0.2161440960640427,0.7724925857496129,0.18682473009822406
GraphSAGE,10,0.8200000000000001,0.6967509025270758,0.7062288436616028,0.412751677852349,0.46946564885496184,0.4392857142857143,0.8404617314809353,0.42934023572495517
GAT,10,0.75,0.42125237191650855,0.4337494237466072,0.19435736677115986,0.2366412213740458,0.2134251290877797,0.769463568583129,0.23809821431243994
GCN,20,0.8400000000000001,0.39074960127591707,0.23143923673542222,0.11045364891518737,0.32061068702290074,0.16430317848410758,0.7403986366342736,0.10199892491822425
GraphSAGE,20,0.93,0.44984802431610943,0.43742541991482214,0.1947318908748824,0.3950381679389313,0.2608695652173913,0.7997292011190651,0.18002578639847475
GAT,20,0.87,0.40218238503507403,0.40463437989798273,0.10823170731707317,0.4064885496183206,0.1709470304975923,0.7661811823861163,0.10424849566930273
GCN,30,0.74,0.3423529411764706,0.19613269858744484,0.10881965774462483,0.4732824427480916,0.1769532643596147,0.7356209793192704,0.09756526713308272
GraphSAGE,30,0.9500000000000001,0.4021276595744681,0.36905343261219814,0.13053435114503817,0.32633587786259544,0.18647764449291168,0.7485476471115728,0.12369752945024623
GAT,30,0.9,0.4121212121212121,0.36862040701582893,0.11378848728246319,0.3244274809160305,0.16848364717542122,0.7533543878386098,0.10477341449901512
GCN,50,0.77,0.35347043701799485,0.28009588111684325,0.17280453257790368,0.23282442748091603,0.1983739837398374,0.7495761698600523,0.12435936422273865
GraphSAGE,50,0.9600000000000001,0.40687160940325495,0.41930868852749886,0.14156206415620642,0.38740458015267176,0.20735444330949948,0.7573052885761167,0.17162448380685333
GAT,50,0.8,0.35344827586206895,0.3165109152022457,0.19273301737756715,0.23282442748091603,0.21089023336214346,0.776827831855869,0.14435851197046434
GCN,165,0.8400000000000001,0.5506607929515418,0.5549529273638705,0.5169491525423728,0.23282442748091603,0.32105263157894737,0.7937863896094662,0.30858458774103004
GraphSAGE,165,0.9,0.5637692932575142,0.5669818236755086,0.3664,0.43702290076335876,0.39860748476936464,0.8403760969899476,0.299060787298252
GAT,165,0.81,0.49348869088416725,0.4868883706269407,0.3048973143759874,0.3683206106870229,0.33362143474503025,0.821993764839609,0.24009520335156828
