epoch,loss,val_pr_auc,val_f1
1,0.730513334274292,0.19503950531416836,0.15006821282401092
2,0.6102055907249451,0.3594081382340782,0.3450321304992585
3,0.5034011006355286,0.36936253063866287,0.2932587760173967
4,0.42409807443618774,0.385448912353933,0.28065468204990607
5,0.37398362159729004,0.40498825928852,0.2717805435610871
6,0.36191391944885254,0.4335679185623271,0.2774655084312724
7,0.35443422198295593,0.4629443078321605,0.2846599894570374
8,0.34084972739219666,0.48346401448826126,0.2967706013363029
9,0.31524455547332764,0.48624541509792363,0.3177570093457944
10,0.29545703530311584,0.47644679405096024,0.3454727697961911
11,0.28138381242752075,0.4847492005922163,0.37158469945355194
12,0.27659156918525696,0.5147871947987077,0.39377431906614785
13,0.26172882318496704,0.5471590715466819,0.4033412887828162
14,0.2511172294616699,0.567224041418643,0.4033412887828162
15,0.23703286051750183,0.5816918640733679,0.40031771247021447
16,0.2288433462381363,0.5866345975825749,0.4020908725371934
17,0.22075052559375763,0.5801881080866896,0.41589958158995816
18,0.21565371751785278,0.5612746559581308,0.4316546762589928
19,0.20688587427139282,0.5379366842560881,0.4513922813873962
20,0.20057238638401031,0.5255364051346358,0.46346555323590816
21,0.19408093392848969,0.5337823707796208,0.46702702702702703
22,0.18333397805690765,0.5532827841301962,0.4632829373650108
23,0.1820639669895172,0.564329835043132,0.4634146341463415
24,0.17507129907608032,0.5502820343118794,0.46443514644351463
25,0.16546109318733215,0.5160512436341735,0.46550816219062663
26,0.16177579760551453,0.490174066565517,0.4744486282947821
27,0.15717121958732605,0.48582102607644334,0.48083242059145676
28,0.15855249762535095,0.5019481103753711,0.4914411927112093
29,0.1506934016942978,0.5300959078058836,0.5008422234699607
30,0.14549948275089264,0.5587651423182659,0.5138568129330254
31,0.14431434869766235,0.5811358928454107,0.5211764705882352
