epoch,loss,validation_pr_auc,validation_roc_auc
1,0.7708271145820618,0.07328649381350133,0.44519084316533675
2,0.7250140309333801,0.0998504719921775,0.5378244327981763
3,0.7045029401779175,0.14097288656974744,0.5685296615529174
4,0.6986470818519592,0.15911129558826978,0.5931092330192105
5,0.6912568807601929,0.17302404666234925,0.5978164121449943
6,0.6764895915985107,0.17025838564654483,0.5988122904852088
7,0.6711428165435791,0.16211975298574613,0.5974588052607558
8,0.6683486104011536,0.16526186715771865,0.5964827453949735
9,0.6693556904792786,0.1765111184638473,0.6082391810073731
10,0.6669690012931824,0.18993812925616255,0.6220299247305998
11,0.6605133414268494,0.19701697188783784,0.6343724625795144
12,0.6660013198852539,0.20037701840557637,0.6432931076591992
13,0.6598256826400757,0.20481609174489937,0.6557117134761548
14,0.6626042127609253,0.2082198748415059,0.6641701217845254
15,0.6616135835647583,0.2080909305049319,0.661441584172267
16,0.6570466160774231,0.2053833529634937,0.6584597781146919
17,0.6573963761329651,0.19725784387596473,0.6542058008674663
18,0.6552361249923706,0.19223932376956682,0.6519432888525162
19,0.6536819934844971,0.1917096506246325,0.6520732747289386
20,0.6557935476303101,0.18835843205338865,0.649832912773648
21,0.6474183797836304,0.18763840101762255,0.6492173742736383
22,0.6487187147140503,0.18599083601063732,0.6497766632800391
23,0.6477015614509583,0.18614865246457943,0.6520665714214102
24,0.6462388038635254,0.18636872833195312,0.655769128762377
25,0.643282949924469,0.18869821803360992,0.6570899717936476
26,0.6449534893035889,0.1884882442979936,0.6639967101332442
27,0.6394566893577576,0.1896342291028188,0.665695269971339
28,0.639264702796936,0.19030456475726437,0.6681722878272016
29,0.6405698657035828,0.19049786871963373,0.6695619126226777
