model,time_step,samples,illicit_transactions,precision,recall,false_positives,false_negatives
logistic_regression,41,1132,116,0.2891566265060241,0.41379310344827586,118,68
logistic_regression,42,2154,239,0.6401384083044983,0.7740585774058577,104,54
logistic_regression,43,1370,24,0.013422818791946308,0.08333333333333333,147,22
logistic_regression,44,1591,24,0.022598870056497175,0.16666666666666666,173,20
logistic_regression,45,1221,5,0.00819672131147541,0.2,121,4
logistic_regression,46,712,2,0.04,1.0,48,0
logistic_regression,47,846,22,0.022222222222222223,0.045454545454545456,44,21
logistic_regression,48,471,36,0.47619047619047616,0.2777777777777778,11,26
logistic_regression,49,476,56,0.11538461538461539,0.05357142857142857,23,53
random_forest,41,1132,116,0.9908256880733946,0.9310344827586207,1,8
random_forest,42,2154,239,0.9792746113989638,0.7907949790794979,4,50
random_forest,43,1370,24,0.0,0.0,1,24
random_forest,44,1591,24,0.125,0.041666666666666664,7,23
random_forest,45,1221,5,0.0,0.0,3,5
random_forest,46,712,2,0.25,0.5,3,1
random_forest,47,846,22,0.0,0.0,1,22
random_forest,48,471,36,0.0,0.0,0,36
random_forest,49,476,56,0.5,0.017857142857142856,1,55
xgboost,41,1132,116,1.0,0.9310344827586207,0,8
xgboost,42,2154,239,0.9844559585492227,0.7949790794979079,3,49
xgboost,43,1370,24,0.0,0.0,2,24
xgboost,44,1591,24,0.1111111111111111,0.041666666666666664,8,23
xgboost,45,1221,5,0.0,0.0,2,5
xgboost,46,712,2,0.14285714285714285,0.5,6,1
xgboost,47,846,22,0.0,0.0,0,22
xgboost,48,471,36,0.0,0.0,0,36
xgboost,49,476,56,0.2,0.017857142857142856,4,55
gcn,41,1132,116,0.3582089552238806,0.20689655172413793,43,92
gcn,42,2154,239,0.588957055214724,0.401673640167364,67,143
gcn,43,1370,24,0.05263157894736842,0.041666666666666664,18,23
gcn,44,1591,24,0.009259259259259259,0.125,321,21
gcn,45,1221,5,0.0,0.0,22,5
gcn,46,712,2,0.0,0.0,18,2
gcn,47,846,22,0.0,0.0,18,22
gcn,48,471,36,0.2,0.027777777777777776,4,35
gcn,49,476,56,0.0,0.0,12,56
graphsage,41,1132,116,0.4409937888198758,0.6120689655172413,90,45
graphsage,42,2154,239,0.6406926406926406,0.6192468619246861,83,91
graphsage,43,1370,24,0.0,0.0,44,24
graphsage,44,1591,24,0.011764705882352941,0.041666666666666664,84,23
graphsage,45,1221,5,0.0,0.0,63,5
graphsage,46,712,2,0.08333333333333333,0.5,11,1
graphsage,47,846,22,0.0,0.0,21,22
graphsage,48,471,36,0.2,0.05555555555555555,8,34
graphsage,49,476,56,0.045454545454545456,0.03571428571428571,42,54
gat,41,1132,116,0.2627118644067797,0.2672413793103448,87,85
gat,42,2154,239,0.5387931034482759,0.5230125523012552,107,114
gat,43,1370,24,0.0,0.0,24,24
gat,44,1591,24,0.0,0.0,160,24
gat,45,1221,5,0.0,0.0,56,5
gat,46,712,2,0.0,0.0,16,2
gat,47,846,22,0.0,0.0,20,22
gat,48,471,36,0.14285714285714285,0.027777777777777776,6,35
gat,49,476,56,0.18181818181818182,0.03571428571428571,9,54
