feature,random_forest_importance,xgboost_importance,rf_normalized,xgb_normalized,mean_importance,rf_rank,xgb_rank,mean_rank,combined_rank
feature_5,0.02407610206077698,0.12469507,0.02407610206077698,0.12469508,0.07438558979963364,10,1,5.5,1
feature_53,0.04778322173966586,0.08492795,0.04778322173966586,0.084927954,0.06635558775968164,2,3,2.5,2
feature_90,0.027001162742475996,0.10525045,0.027001162742475996,0.105250455,0.06612580909078336,7,2,4.5,3
feature_55,0.048957868273100544,0.031153036,0.048957868273100544,0.031153038,0.04005545320860609,1,8,4.5,4
feature_46,0.01366773312675256,0.054707106,0.01366773312675256,0.05470711,0.03418742152744183,22,4,13.0,5
feature_163,0.009495739841326888,0.04685275,0.009495739841326888,0.046852753,0.028174246203832236,32,5,18.5,6
feature_47,0.046775754957792515,0.0076247556,0.046775754957792515,0.007624756,0.02720025551847982,3,21,12.0,7
feature_40,0.008221793097730752,0.045176476,0.008221793097730752,0.04517648,0.026699136531589566,35,6,20.5,8
feature_43,0.0400281002535209,0.009655309,0.0400281002535209,0.00965531,0.02484170504727885,5,18,11.5,9
feature_49,0.040267271489152205,0.004129425,0.040267271489152205,0.0041294256,0.022198348555837518,4,39,21.5,10
feature_41,0.03554065435152774,0.0059701605,0.03554065435152774,0.005970161,0.020755407647026207,6,31,18.5,11
feature_67,0.015454227147415513,0.024180975,0.015454227147415513,0.024180977,0.0198176019106881,18,9,13.5,12
feature_132,0.025523309932101206,0.013234788,0.025523309932101206,0.013234789,0.01937904924201391,9,13,11.0,13
feature_22,0.006929735270775655,0.031420037,0.006929735270775655,0.03142004,0.019174888073224476,42,7,24.5,14
feature_59,0.015342086803952307,0.01651073,0.015342086803952307,0.016510732,0.015926409637947603,19,10,14.5,15
feature_18,0.026825824092697258,0.003248009,0.026825824092697258,0.0032480091,0.0150369166124593,8,54,31.0,16
feature_2,0.022263781849096543,0.006949952,0.022263781849096543,0.0069499523,0.014606867093493703,11,23,17.0,17
feature_14,0.018426631097968247,0.00992104,0.018426631097968247,0.009921041,0.014173836207626177,12,17,14.5,18
feature_76,0.015254520587636206,0.0084235575,0.015254520587636206,0.008423558,0.011839039511985169,20,20,20.0,19
feature_100,0.00997627377201851,0.013647758,0.00997627377201851,0.013647759,0.01181201655263571,31,12,21.5,20
feature_138,0.018128741502064137,0.004929983,0.018128741502064137,0.0049299835,0.011529362512403562,13,36,24.5,21
feature_65,0.0160785076071723,0.0067374613,0.0160785076071723,0.006737462,0.011407984693219448,15,25,20.0,22
feature_23,0.011763110124392644,0.010969434,0.011763110124392644,0.010969435,0.011366272494605846,25,16,20.5,23
feature_80,0.007615247480674367,0.015029235,0.007615247480674367,0.015029236,0.011322241611830285,38,11,24.5,24
feature_103,0.010100583162485972,0.011832826,0.010100583162485972,0.011832827,0.010966704966664024,29,15,22.0,25
feature_6,0.017249039968823415,0.0020139636,0.017249039968823415,0.0020139639,0.009631501924420407,14,81,47.5,26
feature_54,0.01589596667728917,0.0033333278,0.01589596667728917,0.003333328,0.009614647368116161,16,51,33.5,27
feature_61,0.014733081819569642,0.0044137966,0.014733081819569642,0.004413797,0.009573439437004713,21,38,29.5,28
feature_52,0.015827453090634193,0.0024538324,0.015827453090634193,0.0024538327,0.009140642872458322,17,69,43.0,29
feature_29,0.012848958910244023,0.0035989725,0.012848958910244023,0.0035989727,0.008223965799802202,23,45,34.0,30
feature_160,0.0034279828623982283,0.012879768,0.0034279828623982283,0.012879769,0.008153876090101998,69,14,41.5,31
feature_161,0.006395281560744686,0.008659154,0.006395281560744686,0.008659155,0.007527218334389648,45,19,32.0,32
feature_4,0.011852254951502113,0.002645591,0.011852254951502113,0.0026455913,0.00724892311270298,24,66,45.0,33
feature_136,0.007882426367956542,0.0055374647,0.007882426367956542,0.005537465,0.006709945791342925,37,32,34.5,34
feature_77,0.007251789764793853,0.005977901,0.007251789764793853,0.0059779016,0.006614845697448721,41,29,35.0,35
feature_66,0.010735310198046698,0.0024321033,0.010735310198046698,0.0024321035,0.006583706849839754,27,70,48.5,36
feature_79,0.006780985558266952,0.005524395,0.006780985558266952,0.0055243955,0.006152690528822698,43,33,38.0,37
feature_142,0.008495503048226558,0.0037782197,0.008495503048226558,0.00377822,0.006136861484870475,34,42,38.0,38
feature_101,0.009387591503035095,0.0028859323,0.009387591503035095,0.0028859326,0.006136762035747899,33,62,47.5,39
feature_31,0.010453363346838112,0.0018086943,0.010453363346838112,0.0018086944,0.006131028897114424,28,89,58.5,40
feature_96,0.01132783338710761,0.0007781579,0.01132783338710761,0.00077815796,0.006052995674796879,26,143,84.5,41
feature_81,0.005036970371632247,0.0065992884,0.005036970371632247,0.006599289,0.005818129635541871,57,27,42.0,42
feature_25,0.008122029536547528,0.0034285937,0.008122029536547528,0.003428594,0.005775311756485336,36,49,42.5,43
feature_28,0.00532279045369889,0.006047804,0.00532279045369889,0.0060478044,0.00568529741397334,54,28,41.0,44
feature_20,0.004448066120777348,0.0068504848,0.004448066120777348,0.006850485,0.005649275672527064,62,24,43.0,45
feature_60,0.009978214167156226,0.0010646448,0.009978214167156226,0.0010646449,0.005521429530393782,30,119,74.5,46
feature_159,0.00436469673545985,0.006625816,0.00436469673545985,0.0066258167,0.005495256713563346,63,26,44.5,47
feature_139,0.007290715762316483,0.003321103,0.007290715762316483,0.0033211033,0.005305909524157295,40,52,46.0,48
feature_64,0.006025973596682047,0.0031756167,0.006025973596682047,0.003175617,0.00460079527975862,48,56,52.0,49
feature_85,0.00757598776203704,0.0015550703,0.00757598776203704,0.0015550704,0.004565529079740555,39,94,66.5,50
feature_42,0.005792561426145998,0.0033340172,0.005792561426145998,0.0033340175,0.004563289448312505,51,50,50.5,51
feature_8,0.006417427057691645,0.0027014762,0.006417427057691645,0.0027014764,0.004559451753419256,44,65,54.5,52
feature_16,0.005399375783036607,0.0031986986,0.005399375783036607,0.0031986989,0.004299037322280534,53,55,54.0,53
feature_83,0.006045137415806907,0.0023792705,0.006045137415806907,0.0023792707,0.004212204075967499,47,72,59.5,54
feature_125,0.004722000146822377,0.0036234672,0.004722000146822377,0.0036234674,0.00417273377560886,59,44,51.5,55
feature_154,0.004684825183885399,0.0034649293,0.004684825183885399,0.0034649295,0.004074877355278584,60,48,54.0,56
feature_11,0.005165451712298487,0.0027804885,0.005165451712298487,0.0027804887,0.0039729702022612565,56,63,59.5,57
feature_127,0.004971723187997683,0.002896607,0.004971723187997683,0.0028966072,0.003934165171488993,58,60,59.0,58
feature_153,0.0007216748125503005,0.0070738085,0.0007216748125503005,0.007073809,0.0038977418698196383,127,22,74.5,59
feature_84,0.005983978982587148,0.001693626,0.005983978982587148,0.0016936262,0.003838802574919904,49,91,70.0,60
feature_48,0.005168770959891734,0.0023584254,0.005168770959891734,0.0023584256,0.0037635983006620694,55,73,64.0,61
feature_137,0.0061052129640847,0.0013623523,0.0061052129640847,0.0013623524,0.0037337826816200986,46,103,74.5,62
feature_89,0.004234812355662151,0.0030843036,0.004234812355662151,0.0030843038,0.0036595580834273317,64,58,61.0,63
feature_158,0.003031543226351527,0.004094409,0.003031543226351527,0.0040944093,0.003562976258526339,74,40,57.0,64
feature_17,0.0031649120601485578,0.0039010833,0.0031649120601485578,0.0039010835,0.003532997774082939,73,41,57.0,65
feature_1,0.004035647093927125,0.002946404,0.004035647093927125,0.0029464043,0.0034910256842400926,65,59,62.0,66
feature_10,0.005883064091810938,0.0010423391,0.005883064091810938,0.0010423393,0.0034627016720594744,50,123,86.5,67
feature_156,0.005737003006361541,0.0010305378,0.005737003006361541,0.0010305379,0.003383770444124995,52,125,88.5,68
feature_152,0.0007929727319644347,0.0059730397,0.0007929727319644347,0.00597304,0.003383006429114265,124,30,77.0,69
feature_126,0.001612484314323395,0.005116609,0.001612484314323395,0.0051166094,0.003364546852574214,97,35,66.0,70
feature_102,0.004566261206339437,0.0020844205,0.004566261206339437,0.0020844208,0.003325340983716467,61,78,69.5,71
feature_24,0.004025164369241121,0.0024070747,0.004025164369241121,0.002407075,0.003216119637586535,66,71,68.5,72
feature_58,0.002549131867032268,0.0036875885,0.002549131867032268,0.0036875887,0.003118360298929621,77,43,60.0,73
feature_3,0.002721701068587847,0.0034881178,0.002721701068587847,0.003488118,0.003104909565191839,76,47,61.5,74
feature_71,0.0009155960624570174,0.0052772537,0.0009155960624570174,0.005277254,0.0030964251077500245,120,34,77.0,75
feature_9,0.003658699500025804,0.0019223756,0.003658699500025804,0.0019223758,0.002790537627705184,67,85,76.0,76
feature_164,0.0009110518271982384,0.004608843,0.0009110518271982384,0.0046088435,0.002759947651389227,121,37,79.0,77
feature_124,0.002323957425385021,0.0026277392,0.002323957425385021,0.0026277394,0.002475848437673997,80,67,73.5,78
feature_19,0.0032609400171312946,0.0016529075,0.0032609400171312946,0.0016529076,0.002456923798634274,71,92,81.5,79
feature_106,0.0034183883550688576,0.0013999732,0.0034183883550688576,0.0013999733,0.0024091808230206346,70,101,85.5,80
feature_91,0.0027747459744552967,0.0019389745,0.0027747459744552967,0.0019389746,0.0023568602878359553,75,84,79.5,81
feature_78,0.0035730004059612713,0.0010541454,0.0035730004059612713,0.0010541455,0.0023135729590661805,68,120,94.0,82
feature_73,0.0013777814992199805,0.0031644977,0.0013777814992199805,0.003164498,0.0022711397009184194,102,57,79.5,83
feature_21,0.002279469519422379,0.0022479263,0.002279469519422379,0.0022479265,0.002263698032841547,82,75,78.5,84
feature_13,0.0009163508046873714,0.0035681592,0.0009163508046873714,0.0035681594,0.0022422551105026555,119,46,82.5,85
feature_107,0.002318397418011321,0.0021285259,0.002318397418011321,0.002128526,0.0022234617603814075,81,77,79.0,86
feature_30,0.002501961498336476,0.0018969285,0.002501961498336476,0.0018969286,0.002199445072469106,79,86,82.5,87
feature_144,0.0031751087734345445,0.0010435196,0.0031751087734345445,0.0010435197,0.0021093142385529406,72,122,97.0,88
feature_119,0.0012185068989405245,0.002723605,0.0012185068989405245,0.0027236051,0.0019710560190607713,104,64,84.0,89
feature_140,0.0022264452175739967,0.001713728,0.0022264452175739967,0.0017137281,0.0019700866420539003,85,90,87.5,90
feature_155,0.0015516550724154145,0.0023220922,0.0015516550724154145,0.0023220924,0.0019368737459528164,99,74,86.5,91
feature_165,0.0009009255747897467,0.0028947871,0.0009009255747897467,0.0028947874,0.0018978564627296249,122,61,91.5,92
feature_72,0.0011586959358788852,0.0026057414,0.0011586959358788852,0.0026057416,0.0018822187733147206,107,68,87.5,93
feature_37,0.00048815893939580836,0.0032598122,0.00048815893939580836,0.0032598125,0.0018739857105485912,139,53,96.0,94
feature_141,0.002548606316282752,0.0011215742,0.002548606316282752,0.0011215743,0.0018350903152969493,78,115,96.5,95
feature_109,0.0021309852361081623,0.0014007997,0.0021309852361081623,0.0014007998,0.0017658925379327726,87,100,93.5,96
feature_131,0.00149320227701121,0.0019527789,0.00149320227701121,0.001952779,0.0017229906453373701,100,82,91.0,97
feature_94,0.0018239484764551205,0.001546784,0.0018239484764551205,0.0015467841,0.0016853662738534354,93,95,94.0,98
feature_95,0.0021115853294972325,0.0012443332,0.0021115853294972325,0.0012443333,0.0016779593346761537,88,108,98.0,99
feature_120,0.002255444083760411,0.001066711,0.002255444083760411,0.0010667111,0.0016610776164694282,83,118,100.5,100
feature_121,0.0011444628622408611,0.0021680412,0.0011444628622408611,0.0021680414,0.001656252141670679,109,76,92.5,101
feature_130,0.001938335937332221,0.0012741039,0.001938335937332221,0.001274104,0.001606219967303727,91,107,99.0,102
feature_162,0.001986456228165548,0.0012071214,0.001986456228165548,0.0012071215,0.0015967888798223042,90,110,100.0,103
feature_104,0.0011152356799648522,0.0020596029,0.0011152356799648522,0.002059603,0.00158741939496032,112,80,96.0,104
feature_143,0.0018234509121994487,0.0013484006,0.0018234509121994487,0.0013484007,0.0015859258167629595,94,104,99.0,105
feature_93,0.0022413123901253375,0.0008757905,0.0022413123901253375,0.00087579055,0.001558551467688279,84,136,110.0,106
feature_86,0.0011725638083290976,0.0019409817,0.0011725638083290976,0.0019409818,0.001556772821262326,106,83,94.5,107
feature_115,0.0009936936621929922,0.0020693126,0.0009936936621929922,0.0020693128,0.0015315032542405386,115,79,97.0,108
feature_108,0.0017986835998789153,0.0011253658,0.0017986835998789153,0.001125366,0.0014620247806109827,95,114,104.5,109
feature_82,0.002215602153725214,0.0006407652,0.002215602153725214,0.00064076524,0.0014281836968377418,86,151,118.5,110
feature_146,0.0009529562963362866,0.0018922678,0.0009529562963362866,0.001892268,0.001422612127764341,118,87,102.5,111
feature_88,0.0019887645010067765,0.00085638626,0.0019887645010067765,0.0008563863,0.0014225754120002808,89,139,114.0,112
feature_157,0.0014186465520765563,0.0014013669,0.0014186465520765563,0.001401367,0.00141000678364094,101,99,100.0,113
feature_145,0.0018921336149754005,0.00090108346,0.0018921336149754005,0.0009010835,0.0013966085675616749,92,133,112.5,114
feature_97,0.0016968260519584163,0.0009775764,0.0016968260519584163,0.0009775765,0.0013372012647057644,96,126,111.0,115
feature_133,0.0015863449837989752,0.0010845128,0.0015863449837989752,0.0010845129,0.0013354289491649541,98,117,107.5,116
feature_148,0.0011492889190293292,0.0014797043,0.0011492889190293292,0.0014797044,0.0013144966588455906,108,97,102.5,117
feature_56,0.0006485474497148555,0.0018554631,0.0006485474497148555,0.0018554633,0.0012520053524558326,133,88,110.5,118
feature_92,0.0009755657758951051,0.0014600146,0.0009755657758951051,0.0014600147,0.001217790250965201,116,98,107.0,119
feature_147,0.001089929897359729,0.0012028709,0.001089929897359729,0.001202871,0.0011464004363041223,113,111,112.0,120
feature_12,0.0010345799116627283,0.0012290896,0.0010345799116627283,0.0012290897,0.0011318347982235703,114,109,111.5,121
feature_151,0.0012059199211603112,0.001033178,0.0012059199211603112,0.0010331781,0.0011195489930662366,105,124,114.5,122
feature_114,0.000697372064646515,0.001398541,0.000697372064646515,0.0013985411,0.0010479566071649059,129,102,115.5,123
feature_149,0.0007258185559866297,0.0013351626,0.0007258185559866297,0.0013351627,0.001030490612703436,126,105,115.5,124
feature_99,0.00043864211684901814,0.0015879562,0.00043864211684901814,0.0015879563,0.0010132992228626674,143,93,118.0,125
feature_87,0.001137843469298682,0.0008291947,0.001137843469298682,0.00082919473,0.0009835190999560313,110,140,125.0,126
feature_75,0.0013108875409260734,0.0006524976,0.0013108875409260734,0.00065249763,0.000981692587608861,103,150,126.5,127
feature_57,0.001134556085111988,0.0008244549,0.001134556085111988,0.00082445494,0.000979505512052423,111,141,126.0,128
feature_62,0.0003927577024556997,0.0015221481,0.0003927577024556997,0.0015221483,0.0009574529816512168,146,96,121.0,129
feature_113,0.0006628056868256165,0.0012020806,0.0006628056868256165,0.0012020807,0.0009324432174347855,131,112,121.5,130
feature_26,0.0005214425274031422,0.0012858784,0.0005214425274031422,0.0012858785,0.0009036605015792977,137,106,121.5,131
feature_105,0.0007425079258338357,0.00096183986,0.0007425079258338357,0.0009618399,0.0008521739228718353,125,127,126.0,132
feature_32,0.0006772200123577794,0.0009372408,0.0006772200123577794,0.00093724084,0.0008072304254483173,130,129,129.5,133
feature_150,0.0009740614341758725,0.0006288392,0.0009740614341758725,0.00062883925,0.0008014503405522821,117,152,134.5,134
feature_34,0.0004521599498610218,0.001101316,0.0004521599498610218,0.0011013161,0.0007767380095569054,142,116,129.0,135
feature_123,0.00034037234755946344,0.0011957843,0.00034037234755946344,0.0011957844,0.000768078386461204,152,113,132.5,136
feature_111,0.0004159821370573539,0.0010540937,0.0004159821370573539,0.0010540938,0.0007350379804127762,145,121,133.0,137
feature_112,0.0005606235897140421,0.0008638371,0.0005606235897140421,0.00086383714,0.0007122303630676973,136,138,137.0,138
feature_27,0.0004611826890617307,0.00092033873,0.0004611826890617307,0.0009203388,0.000690760739031419,141,130,135.5,139
feature_33,0.000697894569282765,0.00065826427,0.000697894569282765,0.0006582643,0.0006780794473743861,128,149,138.5,140
feature_45,0.0004287852386938737,0.0008824638,0.0004287852386938737,0.0008824639,0.0006556245588229203,144,135,139.5,141
feature_68,0.0006209636126106988,0.00067594554,0.0006209636126106988,0.0006759456,0.0006484546067855512,135,148,141.5,142
feature_98,0.00038003458994258476,0.00091410923,0.00038003458994258476,0.0009141093,0.0006470719393287055,149,131,140.0,143
feature_74,0.0008141251210102394,0.0004564972,0.0008141251210102394,0.00045649722,0.0006353111698514573,123,155,139.0,144
feature_44,0.0003801824484933452,0.00086605985,0.0003801824484933452,0.0008660599,0.0006231211804310001,148,137,142.5,145
feature_134,0.0005018914020691396,0.00074243045,0.0005018914020691396,0.0007424305,0.0006221609548701138,138,145,141.5,146
feature_117,0.0002963361083790453,0.00094524253,0.0002963361083790453,0.0009452426,0.000620789347928007,156,128,142.0,147
feature_122,0.00033163390410199516,0.00090446055,0.00033163390410199516,0.0009044606,0.0006180472581604111,153,132,142.5,148
feature_116,0.0002711777784321733,0.00088647805,0.0002711777784321733,0.0008864781,0.0005788279452556883,158,134,146.0,149
feature_110,0.0003591299478061886,0.0007779961,0.0003591299478061886,0.00077799615,0.0005685630464974986,150,144,147.0,150
feature_50,0.00029586985555592985,0.00079177326,0.00029586985555592985,0.0007917733,0.0005438215860031734,157,142,149.5,151
feature_69,0.00031530818023697756,0.00073294283,0.00031530818023697756,0.0007329429,0.000524125536004907,154,146,150.0,152
feature_128,0.00026625766933319737,0.0007187591,0.00026625766933319737,0.00071875914,0.0004925084046664723,159,147,153.0,153
feature_135,0.00038044257841002353,0.0005489036,0.00038044257841002353,0.00054890366,0.0004646731170682431,147,153,150.0,154
feature_118,0.0006559384511570588,0.00020530101,0.0006559384511570588,0.00020530102,0.0004306197379958421,132,158,145.0,155
feature_51,0.0003049770643545086,0.0005271082,0.0003049770643545086,0.00052710826,0.0004160426635566053,155,154,154.5,156
feature_129,0.0003543154368605122,0.00041468348,0.0003543154368605122,0.0004146835,0.0003844994747526772,151,156,153.5,157
feature_35,0.0006252786761035162,0.0,0.0006252786761035162,0.0,0.0003126393380517581,134,159,146.5,158
feature_63,0.0004746346393789199,0.0,0.0004746346393789199,0.0,0.00023731731968945995,140,159,149.5,159
feature_70,9.314388873400825e-05,0.00029075914,9.314388873400825e-05,0.00029075917,0.00019195152923171736,162,157,159.5,160
feature_36,0.00014938857154772747,0.0,0.00014938857154772747,0.0,7.469428577386373e-05,160,159,159.5,161
feature_38,9.584097910151914e-05,0.0,9.584097910151914e-05,0.0,4.792048955075957e-05,161,159,160.0,162
feature_39,8.753174255460305e-05,0.0,8.753174255460305e-05,0.0,4.3765871277301526e-05,163,159,161.0,163
feature_7,4.82410717313906e-05,0.0,4.82410717313906e-05,0.0,2.41205358656953e-05,164,159,161.5,164
feature_15,4.441803528361289e-07,0.0,4.441803528361289e-07,0.0,2.2209017641806444e-07,165,159,162.0,165
