feature,random_forest_importance,random_forest_rank
feature_55,0.048957868273100544,1
feature_53,0.04778322173966586,2
feature_47,0.046775754957792515,3
feature_49,0.040267271489152205,4
feature_43,0.0400281002535209,5
feature_41,0.03554065435152774,6
feature_90,0.027001162742475996,7
feature_18,0.026825824092697258,8
feature_132,0.025523309932101206,9
feature_5,0.02407610206077698,10
feature_2,0.022263781849096543,11
feature_14,0.018426631097968247,12
feature_138,0.018128741502064137,13
feature_6,0.017249039968823415,14
feature_65,0.0160785076071723,15
feature_54,0.01589596667728917,16
feature_52,0.015827453090634193,17
feature_67,0.015454227147415513,18
feature_59,0.015342086803952307,19
feature_76,0.015254520587636206,20
feature_61,0.014733081819569642,21
feature_46,0.01366773312675256,22
feature_29,0.012848958910244023,23
feature_4,0.011852254951502113,24
feature_23,0.011763110124392644,25
feature_96,0.01132783338710761,26
feature_66,0.010735310198046698,27
feature_31,0.010453363346838112,28
feature_103,0.010100583162485972,29
feature_60,0.009978214167156226,30
feature_100,0.00997627377201851,31
feature_163,0.009495739841326888,32
feature_101,0.009387591503035095,33
feature_142,0.008495503048226558,34
feature_40,0.008221793097730752,35
feature_25,0.008122029536547528,36
feature_136,0.007882426367956542,37
feature_80,0.007615247480674367,38
feature_85,0.00757598776203704,39
feature_139,0.007290715762316483,40
feature_77,0.007251789764793853,41
feature_22,0.006929735270775655,42
feature_79,0.006780985558266952,43
feature_8,0.006417427057691645,44
feature_161,0.006395281560744686,45
feature_137,0.0061052129640847,46
feature_83,0.006045137415806907,47
feature_64,0.006025973596682047,48
feature_84,0.005983978982587148,49
feature_10,0.005883064091810938,50
feature_42,0.005792561426145998,51
feature_156,0.005737003006361541,52
feature_16,0.005399375783036607,53
feature_28,0.00532279045369889,54
feature_48,0.005168770959891734,55
feature_11,0.005165451712298487,56
feature_81,0.005036970371632247,57
feature_127,0.004971723187997683,58
feature_125,0.004722000146822377,59
feature_154,0.004684825183885399,60
feature_102,0.004566261206339437,61
feature_20,0.004448066120777348,62
feature_159,0.00436469673545985,63
feature_89,0.004234812355662151,64
feature_1,0.004035647093927125,65
feature_24,0.004025164369241121,66
feature_9,0.003658699500025804,67
feature_78,0.0035730004059612713,68
feature_160,0.0034279828623982283,69
feature_106,0.0034183883550688576,70
feature_19,0.0032609400171312946,71
feature_144,0.0031751087734345445,72
feature_17,0.0031649120601485578,73
feature_158,0.003031543226351527,74
feature_91,0.0027747459744552967,75
feature_3,0.002721701068587847,76
feature_58,0.002549131867032268,77
feature_141,0.002548606316282752,78
feature_30,0.002501961498336476,79
feature_124,0.002323957425385021,80
feature_107,0.002318397418011321,81
feature_21,0.002279469519422379,82
feature_120,0.002255444083760411,83
feature_93,0.0022413123901253375,84
feature_140,0.0022264452175739967,85
feature_82,0.002215602153725214,86
feature_109,0.0021309852361081623,87
feature_95,0.0021115853294972325,88
feature_88,0.0019887645010067765,89
feature_162,0.001986456228165548,90
feature_130,0.001938335937332221,91
feature_145,0.0018921336149754005,92
feature_94,0.0018239484764551205,93
feature_143,0.0018234509121994487,94
feature_108,0.0017986835998789153,95
feature_97,0.0016968260519584163,96
feature_126,0.001612484314323395,97
feature_133,0.0015863449837989752,98
feature_155,0.0015516550724154145,99
feature_131,0.00149320227701121,100
feature_157,0.0014186465520765563,101
feature_73,0.0013777814992199805,102
feature_75,0.0013108875409260734,103
feature_119,0.0012185068989405245,104
feature_151,0.0012059199211603112,105
feature_86,0.0011725638083290976,106
feature_72,0.0011586959358788852,107
feature_148,0.0011492889190293292,108
feature_121,0.0011444628622408611,109
feature_87,0.001137843469298682,110
feature_57,0.001134556085111988,111
feature_104,0.0011152356799648522,112
feature_147,0.001089929897359729,113
feature_12,0.0010345799116627283,114
feature_115,0.0009936936621929922,115
feature_92,0.0009755657758951051,116
feature_150,0.0009740614341758725,117
feature_146,0.0009529562963362866,118
feature_13,0.0009163508046873714,119
feature_71,0.0009155960624570174,120
feature_164,0.0009110518271982384,121
feature_165,0.0009009255747897467,122
feature_74,0.0008141251210102394,123
feature_152,0.0007929727319644347,124
feature_105,0.0007425079258338357,125
feature_149,0.0007258185559866297,126
feature_153,0.0007216748125503005,127
feature_33,0.000697894569282765,128
feature_114,0.000697372064646515,129
feature_32,0.0006772200123577794,130
feature_113,0.0006628056868256165,131
feature_118,0.0006559384511570588,132
feature_56,0.0006485474497148555,133
feature_35,0.0006252786761035162,134
feature_68,0.0006209636126106988,135
feature_112,0.0005606235897140421,136
feature_26,0.0005214425274031422,137
feature_134,0.0005018914020691396,138
feature_37,0.00048815893939580836,139
feature_63,0.0004746346393789199,140
feature_27,0.0004611826890617307,141
feature_34,0.0004521599498610218,142
feature_99,0.00043864211684901814,143
feature_45,0.0004287852386938737,144
feature_111,0.0004159821370573539,145
feature_62,0.0003927577024556997,146
feature_135,0.00038044257841002353,147
feature_44,0.0003801824484933452,148
feature_98,0.00038003458994258476,149
feature_110,0.0003591299478061886,150
feature_129,0.0003543154368605122,151
feature_123,0.00034037234755946344,152
feature_122,0.00033163390410199516,153
feature_69,0.00031530818023697756,154
feature_51,0.0003049770643545086,155
feature_117,0.0002963361083790453,156
feature_50,0.00029586985555592985,157
feature_116,0.0002711777784321733,158
feature_128,0.00026625766933319737,159
feature_36,0.00014938857154772747,160
feature_38,9.584097910151914e-05,161
feature_70,9.314388873400825e-05,162
feature_39,8.753174255460305e-05,163
feature_7,4.82410717313906e-05,164
feature_15,4.441803528361289e-07,165
