combined_rank,feature,random_forest_importance,xgboost_importance,mean_importance
1,feature_5,0.02407610206077698,0.12469507,0.07438558979963364
2,feature_53,0.04778322173966586,0.08492795,0.06635558775968164
3,feature_90,0.027001162742475996,0.10525045,0.06612580909078336
4,feature_55,0.048957868273100544,0.031153036,0.04005545320860609
5,feature_46,0.01366773312675256,0.054707106,0.03418742152744183
6,feature_163,0.009495739841326888,0.04685275,0.028174246203832236
7,feature_47,0.046775754957792515,0.0076247556,0.02720025551847982
8,feature_40,0.008221793097730752,0.045176476,0.026699136531589566
9,feature_43,0.0400281002535209,0.009655309,0.02484170504727885
10,feature_49,0.040267271489152205,0.004129425,0.022198348555837518
11,feature_41,0.03554065435152774,0.0059701605,0.020755407647026207
12,feature_67,0.015454227147415513,0.024180975,0.0198176019106881
13,feature_132,0.025523309932101206,0.013234788,0.01937904924201391
14,feature_22,0.006929735270775655,0.031420037,0.019174888073224476
15,feature_59,0.015342086803952307,0.01651073,0.015926409637947603
16,feature_18,0.026825824092697258,0.003248009,0.0150369166124593
17,feature_2,0.022263781849096543,0.006949952,0.014606867093493703
18,feature_14,0.018426631097968247,0.00992104,0.014173836207626177
19,feature_76,0.015254520587636206,0.0084235575,0.011839039511985169
20,feature_100,0.00997627377201851,0.013647758,0.01181201655263571
21,feature_138,0.018128741502064137,0.004929983,0.011529362512403562
22,feature_65,0.0160785076071723,0.0067374613,0.011407984693219448
23,feature_23,0.011763110124392644,0.010969434,0.011366272494605846
24,feature_80,0.007615247480674367,0.015029235,0.011322241611830285
25,feature_103,0.010100583162485972,0.011832826,0.010966704966664024
26,feature_6,0.017249039968823415,0.0020139636,0.009631501924420407
27,feature_54,0.01589596667728917,0.0033333278,0.009614647368116161
28,feature_61,0.014733081819569642,0.0044137966,0.009573439437004713
29,feature_52,0.015827453090634193,0.0024538324,0.009140642872458322
30,feature_29,0.012848958910244023,0.0035989725,0.008223965799802202
