feature,xgboost_importance,xgboost_rank
feature_5,0.12469507,1
feature_90,0.10525045,2
feature_53,0.08492795,3
feature_46,0.054707106,4
feature_163,0.04685275,5
feature_40,0.045176476,6
feature_22,0.031420037,7
feature_55,0.031153036,8
feature_67,0.024180975,9
feature_59,0.01651073,10
feature_80,0.015029235,11
feature_100,0.013647758,12
feature_132,0.013234788,13
feature_160,0.012879768,14
feature_103,0.011832826,15
feature_23,0.010969434,16
feature_14,0.00992104,17
feature_43,0.009655309,18
feature_161,0.008659154,19
feature_76,0.0084235575,20
feature_47,0.0076247556,21
feature_153,0.0070738085,22
feature_2,0.006949952,23
feature_20,0.0068504848,24
feature_65,0.0067374613,25
feature_159,0.006625816,26
feature_81,0.0065992884,27
feature_28,0.006047804,28
feature_77,0.005977901,29
feature_152,0.0059730397,30
feature_41,0.0059701605,31
feature_136,0.0055374647,32
feature_79,0.005524395,33
feature_71,0.0052772537,34
feature_126,0.005116609,35
feature_138,0.004929983,36
feature_164,0.004608843,37
feature_61,0.0044137966,38
feature_49,0.004129425,39
feature_158,0.004094409,40
feature_17,0.0039010833,41
feature_142,0.0037782197,42
feature_58,0.0036875885,43
feature_125,0.0036234672,44
feature_29,0.0035989725,45
feature_13,0.0035681592,46
feature_3,0.0034881178,47
feature_154,0.0034649293,48
feature_25,0.0034285937,49
feature_42,0.0033340172,50
feature_54,0.0033333278,51
feature_139,0.003321103,52
feature_37,0.0032598122,53
feature_18,0.003248009,54
feature_16,0.0031986986,55
feature_64,0.0031756167,56
feature_73,0.0031644977,57
feature_89,0.0030843036,58
feature_1,0.002946404,59
feature_127,0.002896607,60
feature_165,0.0028947871,61
feature_101,0.0028859323,62
feature_11,0.0027804885,63
feature_119,0.002723605,64
feature_8,0.0027014762,65
feature_4,0.002645591,66
feature_124,0.0026277392,67
feature_72,0.0026057414,68
feature_52,0.0024538324,69
feature_66,0.0024321033,70
feature_24,0.0024070747,71
feature_83,0.0023792705,72
feature_48,0.0023584254,73
feature_155,0.0023220922,74
feature_21,0.0022479263,75
feature_121,0.0021680412,76
feature_107,0.0021285259,77
feature_102,0.0020844205,78
feature_115,0.0020693126,79
feature_104,0.0020596029,80
feature_6,0.0020139636,81
feature_131,0.0019527789,82
feature_86,0.0019409817,83
feature_91,0.0019389745,84
feature_9,0.0019223756,85
feature_30,0.0018969285,86
feature_146,0.0018922678,87
feature_56,0.0018554631,88
feature_31,0.0018086943,89
feature_140,0.001713728,90
feature_84,0.001693626,91
feature_19,0.0016529075,92
feature_99,0.0015879562,93
feature_85,0.0015550703,94
feature_94,0.001546784,95
feature_62,0.0015221481,96
feature_148,0.0014797043,97
feature_92,0.0014600146,98
feature_157,0.0014013669,99
feature_109,0.0014007997,100
feature_106,0.0013999732,101
feature_114,0.001398541,102
feature_137,0.0013623523,103
feature_143,0.0013484006,104
feature_149,0.0013351626,105
feature_26,0.0012858784,106
feature_130,0.0012741039,107
feature_95,0.0012443332,108
feature_12,0.0012290896,109
feature_162,0.0012071214,110
feature_147,0.0012028709,111
feature_113,0.0012020806,112
feature_123,0.0011957843,113
feature_108,0.0011253658,114
feature_141,0.0011215742,115
feature_34,0.001101316,116
feature_133,0.0010845128,117
feature_120,0.001066711,118
feature_60,0.0010646448,119
feature_78,0.0010541454,120
feature_111,0.0010540937,121
feature_144,0.0010435196,122
feature_10,0.0010423391,123
feature_151,0.001033178,124
feature_156,0.0010305378,125
feature_97,0.0009775764,126
feature_105,0.00096183986,127
feature_117,0.00094524253,128
feature_32,0.0009372408,129
feature_27,0.00092033873,130
feature_98,0.00091410923,131
feature_122,0.00090446055,132
feature_145,0.00090108346,133
feature_116,0.00088647805,134
feature_45,0.0008824638,135
feature_93,0.0008757905,136
feature_44,0.00086605985,137
feature_112,0.0008638371,138
feature_88,0.00085638626,139
feature_87,0.0008291947,140
feature_57,0.0008244549,141
feature_50,0.00079177326,142
feature_96,0.0007781579,143
feature_110,0.0007779961,144
feature_134,0.00074243045,145
feature_69,0.00073294283,146
feature_128,0.0007187591,147
feature_68,0.00067594554,148
feature_33,0.00065826427,149
feature_75,0.0006524976,150
feature_82,0.0006407652,151
feature_150,0.0006288392,152
feature_135,0.0005489036,153
feature_51,0.0005271082,154
feature_74,0.0004564972,155
feature_129,0.00041468348,156
feature_70,0.00029075914,157
feature_118,0.00020530101,158
feature_35,0.0,159
feature_15,0.0,160
feature_63,0.0,161
feature_36,0.0,162
feature_7,0.0,163
feature_38,0.0,164
feature_39,0.0,165
