model,threshold,precision,recall,f1
Logistic Regression,0.05,0.1869669054930058,0.9803220035778175,0.31404011461318054
Logistic Regression,0.060000000000000005,0.18975069252077562,0.9803220035778175,0.3179576443284015
Logistic Regression,0.07,0.19206460674157302,0.9785330948121646,0.32110361021426476
Logistic Regression,0.08000000000000002,0.19382321618743345,0.9767441860465116,0.3234597156398104
Logistic Regression,0.09000000000000001,0.19633225458468176,0.9767441860465116,0.3269461077844311
Logistic Regression,0.1,0.19876228613032398,0.9767441860465116,0.33030852994555354
Logistic Regression,0.11000000000000001,0.20103282921431206,0.9749552772808586,0.3333333333333333
Logistic Regression,0.12000000000000002,0.20282843319687383,0.9749552772808586,0.33579790511398644
Logistic Regression,0.13,0.20359281437125748,0.9731663685152058,0.3367378520581863
Logistic Regression,0.14,0.20551567812618057,0.9731663685152058,0.3393636930754835
Logistic Regression,0.15000000000000002,0.20599393019726858,0.9713774597495528,0.339906103286385
Logistic Regression,0.16000000000000003,0.2073310423825888,0.9713774597495528,0.34172435494021397
Logistic Regression,0.17000000000000004,0.20814132104454686,0.9695885509838998,0.34271261460638636
Logistic Regression,0.18000000000000002,0.20942812982998454,0.9695885509838998,0.3444550365427391
Logistic Regression,0.19000000000000003,0.2107518504090378,0.9677996422182469,0.34612923864363404
Logistic Regression,0.20000000000000004,0.211433046202036,0.9660107334525939,0.34693221972373917
Logistic Regression,0.21000000000000002,0.21335440537337022,0.9660107334525939,0.34951456310679613
Logistic Regression,0.22000000000000003,0.21462639109697934,0.9660107334525939,0.35121951219512193
Logistic Regression,0.23000000000000004,0.2165528324628365,0.964221824686941,0.3536745406824147
Logistic Regression,0.24000000000000005,0.21711057304277642,0.962432915921288,0.3542970036219954
Logistic Regression,0.25000000000000006,0.21807863802188893,0.962432915921288,0.3555849306014541
Logistic Regression,0.26000000000000006,0.21882640586797067,0.960644007155635,0.35645536010620643
Logistic Regression,0.27,0.22053388090349077,0.960644007155635,0.3587174348697395
Logistic Regression,0.28,0.22199255890863995,0.960644007155635,0.36064472800537273
Logistic Regression,0.29000000000000004,0.22268383880348983,0.9588550983899821,0.3614295347269049
Logistic Regression,0.30000000000000004,0.22389306599832914,0.9588550983899821,0.36302065695902475
Logistic Regression,0.31000000000000005,0.22573839662447256,0.9570661896243292,0.36531239330829635
Logistic Regression,0.32000000000000006,0.2270797962648557,0.9570661896243292,0.3670668953687822
Logistic Regression,0.33000000000000007,0.22810764630499786,0.9552772808586762,0.3682758620689655
Logistic Regression,0.3400000000000001,0.22918454935622318,0.9552772808586762,0.36967808930425755
Logistic Regression,0.3500000000000001,0.23106880138468194,0.9552772808586762,0.37212543554006966
Logistic Regression,0.36000000000000004,0.2326797385620915,0.9552772808586762,0.37421163279607567
Logistic Regression,0.37000000000000005,0.23397717295873574,0.9534883720930233,0.3757490306661967
Logistic Regression,0.38000000000000006,0.23560673162090345,0.9516994633273703,0.37770678026269083
Logistic Regression,0.39000000000000007,0.2367601246105919,0.9516994633273703,0.3791874554526016
Logistic Regression,0.4000000000000001,0.23800986104885702,0.9499105545617174,0.38064516129032255
Logistic Regression,0.4100000000000001,0.2391500904159132,0.9463327370304114,0.38181162035366295
Logistic Regression,0.4200000000000001,0.24054669703872436,0.9445438282647585,0.38344226579520696
Logistic Regression,0.43000000000000005,0.24185406149609912,0.9427549194991055,0.38495252008765524
Logistic Regression,0.44000000000000006,0.24308118081180813,0.9427549194991055,0.3865053171983865
Logistic Regression,0.45000000000000007,0.24429967426710097,0.9391771019677997,0.38774002954209746
Logistic Regression,0.4600000000000001,0.24601686972820994,0.9391771019677997,0.38989974006684
Logistic Regression,0.4700000000000001,0.24751538097491718,0.9355992844364938,0.39146706586826346
Logistic Regression,0.4800000000000001,0.24904761904761905,0.9355992844364938,0.3933809702895826
Logistic Regression,0.4900000000000001,0.2507204610951009,0.9338103756708408,0.3953048087845513
Logistic Regression,0.5000000000000001,0.2507274490785645,0.924865831842576,0.39450591377336897
Logistic Regression,0.5100000000000001,0.2518373346398824,0.9194991055456172,0.3953846153846154
Logistic Regression,0.5200000000000001,0.2529585798816568,0.9177101967799642,0.396598376497874
Logistic Regression,0.5300000000000001,0.25411061285500747,0.9123434704830053,0.3975058456742011
Logistic Regression,0.5400000000000001,0.2551481667503767,0.9087656529516994,0.3984313725490196
Logistic Regression,0.55,0.2565789473684211,0.9069767441860465,0.4
Logistic Regression,0.56,0.2575370464997445,0.9016100178890877,0.40063593004769477
Logistic Regression,0.5700000000000001,0.25927835051546394,0.8998211091234347,0.4025610244097639
Logistic Regression,0.5800000000000001,0.26064382139148495,0.8980322003577818,0.4040241448692153
Logistic Regression,0.5900000000000001,0.2628811777076761,0.8944543828264758,0.4063388866314506
Logistic Regression,0.6000000000000001,0.26447158789166225,0.8908765652951699,0.40786240786240785
Logistic Regression,0.6100000000000001,0.26627218934911245,0.8855098389982111,0.4094292803970223
Logistic Regression,0.6200000000000001,0.26975476839237056,0.8855098389982111,0.41353383458646614
Logistic Regression,0.6300000000000001,0.2709251101321586,0.8801431127012522,0.4143157894736842
Logistic Regression,0.6400000000000001,0.27348526959421904,0.8801431127012522,0.4173027989821883
Logistic Regression,0.6500000000000001,0.2759009009009009,0.8765652951699463,0.4197002141327623
Logistic Regression,0.6600000000000001,0.27743035815804434,0.8729874776386404,0.42105263157894735
Logistic Regression,0.6700000000000002,0.27736389684813756,0.8658318425760286,0.4201388888888889
Logistic Regression,0.6800000000000002,0.2790023201856148,0.8604651162790697,0.4213753832676303
Logistic Regression,0.6900000000000002,0.2823529411764706,0.8586762075134168,0.4249667994687915
Logistic Regression,0.7000000000000002,0.2830750893921335,0.8497316636851521,0.42467590523021903
Logistic Regression,0.7100000000000002,0.2856280193236715,0.8461538461538461,0.4270880361173815
Logistic Regression,0.7200000000000001,0.28815628815628813,0.8443649373881932,0.42967683204369594
Logistic Regression,0.7300000000000001,0.29040247678018577,0.8389982110912343,0.43146274149034036
Logistic Regression,0.7400000000000001,0.2947103274559194,0.8372093023255814,0.4359571495109455
Logistic Regression,0.7500000000000001,0.29736673089274246,0.8282647584973166,0.43761814744801514
Logistic Regression,0.7600000000000001,0.29889538661468484,0.8228980322003577,0.438512869399428
Logistic Regression,0.7700000000000001,0.30165016501650166,0.817531305903399,0.4406943105110897
Logistic Regression,0.7800000000000001,0.3045822102425876,0.8085867620751341,0.44248653940283894
Logistic Regression,0.7900000000000001,0.31129476584022037,0.8085867620751341,0.44952759820984584
Logistic Regression,0.8000000000000002,0.31280615815255425,0.7996422182468694,0.44969818913480886
Logistic Regression,0.8100000000000002,0.31616595135908443,0.7906976744186046,0.4517118037812979
Logistic Regression,0.8200000000000002,0.3237885462555066,0.7889087656529516,0.459135866736075
Logistic Regression,0.8300000000000002,0.32832456799398946,0.7817531305903399,0.4624338624338624
Logistic Regression,0.8400000000000002,0.3366795366795367,0.7799642218246869,0.4703344120819849
Logistic Regression,0.8500000000000002,0.3444709626093874,0.774597495527728,0.47687224669603523
Logistic Regression,0.8600000000000002,0.3510373443983402,0.7567084078711985,0.47959183673469385
Logistic Regression,0.8700000000000001,0.36003445305770887,0.7477638640429338,0.48604651162790696
Logistic Regression,0.8800000000000001,0.3743218806509946,0.740608228980322,0.4972972972972973
Logistic Regression,0.8900000000000001,0.3883587786259542,0.7280858676207513,0.5065339141257
Logistic Regression,0.9000000000000001,0.40546006066734075,0.7173524150268337,0.5180878552971576
Logistic Regression,0.9100000000000001,0.4224137931034483,0.7012522361359571,0.527236045729657
Logistic Regression,0.9200000000000002,0.4380733944954128,0.6833631484794276,0.5338923829489868
Logistic Regression,0.9300000000000002,0.453646477132262,0.6565295169946332,0.5365497076023392
Logistic Regression,0.9400000000000002,0.4684563758389262,0.6243291592128801,0.5352760736196319
Logistic Regression,0.9500000000000002,0.4678362573099415,0.5724508050089445,0.5148833467417538
Random Forest,0.05,0.23928258967629046,0.9785330948121646,0.38453427065026363
Random Forest,0.060000000000000005,0.2681123706259241,0.9731663685152058,0.42040185471406494
Random Forest,0.07,0.2785529715762274,0.964221824686941,0.4322373696872494
Random Forest,0.08000000000000002,0.3025871766029246,0.962432915921288,0.46041934103551563
Random Forest,0.09000000000000001,0.32127787823990356,0.9534883720930233,0.4806131650135257
Random Forest,0.1,0.33084112149532713,0.9499105545617174,0.4907578558225508
Random Forest,0.11000000000000001,0.3547297297297297,0.9391771019677997,0.5149583128984796
Random Forest,0.12000000000000002,0.3723252496433666,0.9338103756708408,0.5323814380418154
Random Forest,0.13,0.38530066815144765,0.9284436493738819,0.5445960125918153
Random Forest,0.14,0.40093603744149764,0.9194991055456172,0.5583921781640413
Random Forest,0.15000000000000002,0.41850941850941853,0.9141323792486583,0.5741573033707865
Random Forest,0.16000000000000003,0.43268416596104997,0.9141323792486583,0.5873563218390805
Random Forest,0.17000000000000004,0.44688323090430204,0.9105545617173524,0.5995288574793876
Random Forest,0.18000000000000002,0.4591651542649728,0.9051878354203936,0.609271523178808
Random Forest,0.19000000000000003,0.4795821462488129,0.9033989266547406,0.6265508684863523
Random Forest,0.20000000000000004,0.49266862170087977,0.9016100178890877,0.6371681415929203
Random Forest,0.21000000000000002,0.5075834175935288,0.8980322003577818,0.648578811369509
Random Forest,0.22000000000000003,0.5257082896117523,0.8962432915921288,0.6626984126984127
Random Forest,0.23000000000000004,0.5436681222707423,0.8908765652951699,0.6752542372881356
Random Forest,0.24000000000000005,0.5691428571428572,0.8908765652951699,0.694560669456067
Random Forest,0.25000000000000006,0.5872641509433962,0.8908765652951699,0.7078891257995735
Random Forest,0.26000000000000006,0.6058394160583942,0.8908765652951699,0.721216509775525
Random Forest,0.27,0.6171003717472119,0.8908765652951699,0.7291361639824304
Random Forest,0.28,0.640926640926641,0.8908765652951699,0.7455089820359282
Random Forest,0.29000000000000004,0.6702702702702703,0.8872987477638641,0.7636643571978445
Random Forest,0.30000000000000004,0.6884561891515995,0.8855098389982111,0.7746478873239436
Random Forest,0.31000000000000005,0.7051282051282052,0.8855098389982111,0.7850911974623315
Random Forest,0.32000000000000006,0.7279411764705882,0.8855098389982111,0.7990314769975787
Random Forest,0.33000000000000007,0.7439759036144579,0.8837209302325582,0.8078495502861816
Random Forest,0.3400000000000001,0.7565084226646248,0.8837209302325582,0.8151815181518152
Random Forest,0.3500000000000001,0.7767295597484277,0.8837209302325582,0.8267782426778243
Random Forest,0.36000000000000004,0.7916666666666666,0.8837209302325582,0.8351648351648352
Random Forest,0.37000000000000005,0.8125,0.8837209302325582,0.8466152527849186
Random Forest,0.38000000000000006,0.8372881355932204,0.8837209302325582,0.8598781549173194
Random Forest,0.39000000000000007,0.8502581755593803,0.8837209302325582,0.8666666666666667
Random Forest,0.4000000000000001,0.8573913043478261,0.8819320214669052,0.8694885361552028
Random Forest,0.4100000000000001,0.8631578947368421,0.8801431127012522,0.8715677590788308
Random Forest,0.4200000000000001,0.875222816399287,0.8783542039355993,0.8767857142857143
Random Forest,0.43000000000000005,0.8862815884476535,0.8783542039355993,0.8823000898472596
Random Forest,0.44000000000000006,0.8894927536231884,0.8783542039355993,0.8838883888388839
Random Forest,0.45000000000000007,0.9023941068139963,0.8765652951699463,0.8892921960072595
Random Forest,0.4600000000000001,0.9154135338345865,0.8711985688729875,0.8927589367552704
Random Forest,0.4700000000000001,0.9272030651340997,0.8658318425760286,0.8954671600370028
Random Forest,0.4800000000000001,0.94140625,0.8622540250447227,0.900093370681606
Random Forest,0.4900000000000001,0.9432485322896281,0.8622540250447227,0.9009345794392524
Random Forest,0.5000000000000001,0.9468503937007874,0.8604651162790697,0.901593252108716
Random Forest,0.5100000000000001,0.9542743538767395,0.8586762075134168,0.903954802259887
Random Forest,0.5200000000000001,0.9561752988047809,0.8586762075134168,0.9048067860508954
Random Forest,0.5300000000000001,0.958,0.8568872987477638,0.9046270066100094
Random Forest,0.5400000000000001,0.9637096774193549,0.855098389982111,0.9061611374407583
Random Forest,0.55,0.9676113360323887,0.855098389982111,0.9078822412155746
Random Forest,0.56,0.9695740365111561,0.855098389982111,0.908745247148289
Random Forest,0.5700000000000001,0.9755102040816327,0.855098389982111,0.9113441372735939
Random Forest,0.5800000000000001,0.977319587628866,0.8479427549194991,0.9080459770114943
Random Forest,0.5900000000000001,0.9792099792099792,0.8425760286225402,0.9057692307692308
Random Forest,0.6000000000000001,0.9831223628691983,0.8336314847942755,0.9022265246853823
Random Forest,0.6100000000000001,0.9892241379310345,0.8211091234347049,0.8973607038123167
Random Forest,0.6200000000000001,0.9911699779249448,0.8032200357781754,0.8873517786561265
Random Forest,0.6300000000000001,0.9955456570155902,0.7996422182468694,0.8869047619047619
Random Forest,0.6400000000000001,0.9977116704805492,0.7799642218246869,0.8755020080321285
Random Forest,0.6500000000000001,1.0,0.774597495527728,0.8729838709677419
Random Forest,0.6600000000000001,1.0,0.7674418604651163,0.868421052631579
Random Forest,0.6700000000000002,1.0,0.7638640429338104,0.8661257606490872
Random Forest,0.6800000000000002,1.0,0.7477638640429338,0.8556806550665302
Random Forest,0.6900000000000002,1.0,0.740608228980322,0.8509763617677287
Random Forest,0.7000000000000002,1.0,0.7316636851520573,0.8450413223140496
Random Forest,0.7100000000000002,1.0,0.7173524150268337,0.8354166666666667
Random Forest,0.7200000000000001,1.0,0.6976744186046512,0.821917808219178
Random Forest,0.7300000000000001,1.0,0.6940966010733453,0.8194297782470961
Random Forest,0.7400000000000001,1.0,0.6905187835420393,0.816931216931217
Random Forest,0.7500000000000001,1.0,0.6851520572450805,0.8131634819532909
Random Forest,0.7600000000000001,1.0,0.6851520572450805,0.8131634819532909
Random Forest,0.7700000000000001,1.0,0.6744186046511628,0.8055555555555556
Random Forest,0.7800000000000001,1.0,0.6726296958855098,0.8042780748663102
Random Forest,0.7900000000000001,1.0,0.667262969588551,0.8004291845493562
Random Forest,0.8000000000000002,1.0,0.6636851520572451,0.7978494623655914
Random Forest,0.8100000000000002,1.0,0.6547406082289803,0.7913513513513514
Random Forest,0.8200000000000002,1.0,0.6529516994633273,0.79004329004329
Random Forest,0.8300000000000002,1.0,0.6475849731663685,0.7861020629750272
Random Forest,0.8400000000000002,1.0,0.6457960644007156,0.7847826086956522
Random Forest,0.8500000000000002,1.0,0.6386404293381037,0.7794759825327511
Random Forest,0.8600000000000002,1.0,0.6189624329159212,0.7646408839779005
Random Forest,0.8700000000000001,1.0,0.6135957066189625,0.7605321507760532
Random Forest,0.8800000000000001,1.0,0.6118067978533095,0.7591564927857936
Random Forest,0.8900000000000001,1.0,0.6028622540250447,0.7522321428571429
Random Forest,0.9000000000000001,1.0,0.5849731663685152,0.7381489841986456
Random Forest,0.9100000000000001,1.0,0.5778175313059034,0.7324263038548753
Random Forest,0.9200000000000002,1.0,0.5670840787119857,0.723744292237443
Random Forest,0.9300000000000002,1.0,0.5599284436493739,0.7178899082568807
Random Forest,0.9400000000000002,1.0,0.5509838998211091,0.7104959630911188
Random Forest,0.9500000000000002,1.0,0.5384615384615384,0.7
XGBoost,0.05,0.6423076923076924,0.8962432915921288,0.748319641523525
XGBoost,0.060000000000000005,0.6711409395973155,0.8944543828264758,0.7668711656441718
XGBoost,0.07,0.696927374301676,0.8926654740608229,0.7827450980392157
XGBoost,0.08000000000000002,0.7255474452554744,0.889087656529517,0.7990353697749196
XGBoost,0.09000000000000001,0.7458646616541353,0.8872987477638641,0.8104575163398693
XGBoost,0.1,0.7584097859327217,0.8872987477638641,0.8178070898598516
XGBoost,0.11000000000000001,0.7701863354037267,0.8872987477638641,0.8246051537822111
XGBoost,0.12000000000000002,0.7795275590551181,0.8855098389982111,0.8291457286432161
XGBoost,0.13,0.7964458804523424,0.8819320214669052,0.8370118845500849
XGBoost,0.14,0.8148760330578513,0.8819320214669052,0.8470790378006873
XGBoost,0.15000000000000002,0.8216666666666667,0.8819320214669052,0.8507333908541846
XGBoost,0.16000000000000003,0.8285714285714286,0.8819320214669052,0.854419410745234
XGBoost,0.17000000000000004,0.8384353741496599,0.8819320214669052,0.8596338273757629
XGBoost,0.18000000000000002,0.8470790378006873,0.8819320214669052,0.8641542506573181
XGBoost,0.19000000000000003,0.8529411764705882,0.8819320214669052,0.8671943711521548
XGBoost,0.20000000000000004,0.8649122807017544,0.8819320214669052,0.8733392382639504
XGBoost,0.21000000000000002,0.8725663716814159,0.8819320214669052,0.8772241992882562
XGBoost,0.22000000000000003,0.8803571428571428,0.8819320214669052,0.8811438784629133
XGBoost,0.23000000000000004,0.8819320214669052,0.8819320214669052,0.8819320214669052
XGBoost,0.24000000000000005,0.8850987432675045,0.8819320214669052,0.8835125448028673
XGBoost,0.25000000000000006,0.8996350364963503,0.8819320214669052,0.8906955736224029
XGBoost,0.26000000000000006,0.9029304029304029,0.8819320214669052,0.8923076923076924
XGBoost,0.27,0.9045871559633027,0.8819320214669052,0.8931159420289855
XGBoost,0.28,0.9045871559633027,0.8819320214669052,0.8931159420289855
XGBoost,0.29000000000000004,0.90625,0.8819320214669052,0.8939256572982774
XGBoost,0.30000000000000004,0.9111111111111111,0.8801431127012522,0.8953594176524113
XGBoost,0.31000000000000005,0.9177570093457944,0.8783542039355993,0.8976234003656307
XGBoost,0.32000000000000006,0.9194756554307116,0.8783542039355993,0.898444647758463
XGBoost,0.33000000000000007,0.9227871939736346,0.8765652951699463,0.8990825688073395
XGBoost,0.3400000000000001,0.928030303030303,0.8765652951699463,0.9015639374425023
XGBoost,0.3500000000000001,0.9351145038167938,0.8765652951699463,0.9048938134810711
XGBoost,0.36000000000000004,0.9404990403071017,0.8765652951699463,0.9074074074074074
XGBoost,0.37000000000000005,0.9404990403071017,0.8765652951699463,0.9074074074074074
XGBoost,0.38000000000000006,0.9423076923076923,0.8765652951699463,0.9082483781278962
XGBoost,0.39000000000000007,0.944015444015444,0.8747763864042933,0.9080779944289693
XGBoost,0.4000000000000001,0.9476744186046512,0.8747763864042933,0.9097674418604651
XGBoost,0.4100000000000001,0.9495145631067962,0.8747763864042933,0.9106145251396648
XGBoost,0.4200000000000001,0.9495145631067962,0.8747763864042933,0.9106145251396648
XGBoost,0.43000000000000005,0.9495145631067962,0.8747763864042933,0.9106145251396648
XGBoost,0.44000000000000006,0.953125,0.8729874776386404,0.911297852474323
XGBoost,0.45000000000000007,0.9568627450980393,0.8729874776386404,0.9130028063610851
XGBoost,0.4600000000000001,0.9568627450980393,0.8729874776386404,0.9130028063610851
XGBoost,0.4700000000000001,0.9567779960707269,0.8711985688729875,0.9119850187265918
XGBoost,0.4800000000000001,0.9586614173228346,0.8711985688729875,0.9128397375820057
XGBoost,0.4900000000000001,0.9585798816568047,0.8694096601073346,0.9118198874296435
XGBoost,0.5000000000000001,0.9603960396039604,0.8676207513416816,0.9116541353383458
XGBoost,0.5100000000000001,0.9623015873015873,0.8676207513416816,0.9125117591721543
XGBoost,0.5200000000000001,0.9641434262948207,0.8658318425760286,0.9123468426013195
XGBoost,0.5300000000000001,0.9660678642714571,0.8658318425760286,0.9132075471698113
XGBoost,0.5400000000000001,0.966,0.8640429338103757,0.9121813031161473
XGBoost,0.55,0.9698795180722891,0.8640429338103757,0.9139072847682119
XGBoost,0.56,0.9717741935483871,0.8622540250447227,0.9137440758293839
XGBoost,0.5700000000000001,0.9717741935483871,0.8622540250447227,0.9137440758293839
XGBoost,0.5800000000000001,0.9717741935483871,0.8622540250447227,0.9137440758293839
XGBoost,0.5900000000000001,0.97165991902834,0.8586762075134168,0.9116809116809117
XGBoost,0.6000000000000001,0.975609756097561,0.8586762075134168,0.9134157944814463
XGBoost,0.6100000000000001,0.9755600814663951,0.8568872987477638,0.9123809523809524
XGBoost,0.6200000000000001,0.9775510204081632,0.8568872987477638,0.9132507149666349
XGBoost,0.6300000000000001,0.9795501022494888,0.8568872987477638,0.9141221374045801
XGBoost,0.6400000000000001,0.9795081967213115,0.855098389982111,0.9130850047755492
XGBoost,0.6500000000000001,0.9795081967213115,0.855098389982111,0.9130850047755492
XGBoost,0.6600000000000001,0.9795081967213115,0.855098389982111,0.9130850047755492
XGBoost,0.6700000000000002,0.9795081967213115,0.855098389982111,0.9130850047755492
XGBoost,0.6800000000000002,0.9815195071868583,0.855098389982111,0.9139579349904398
XGBoost,0.6900000000000002,0.9814814814814815,0.853309481216458,0.9129186602870814
XGBoost,0.7000000000000002,0.9835051546391752,0.853309481216458,0.9137931034482759
XGBoost,0.7100000000000002,0.9835051546391752,0.853309481216458,0.9137931034482759
XGBoost,0.7200000000000001,0.9834710743801653,0.851520572450805,0.912751677852349
XGBoost,0.7300000000000001,0.9875259875259875,0.8497316636851521,0.9134615384615384
XGBoost,0.7400000000000001,0.9895397489539749,0.8461538461538461,0.9122468659594986
XGBoost,0.7500000000000001,0.989517819706499,0.8443649373881932,0.9111969111969112
XGBoost,0.7600000000000001,0.9894736842105263,0.8407871198568873,0.9090909090909091
XGBoost,0.7700000000000001,0.9894291754756871,0.8372093023255814,0.9069767441860465
XGBoost,0.7800000000000001,0.9915254237288136,0.8372093023255814,0.9078564500484966
XGBoost,0.7900000000000001,0.9936034115138592,0.8336314847942755,0.9066147859922179
XGBoost,0.8000000000000002,0.9935897435897436,0.8318425760286225,0.9055501460564752
XGBoost,0.8100000000000002,0.9957173447537473,0.8318425760286225,0.9064327485380117
XGBoost,0.8200000000000002,0.9956709956709957,0.8228980322003577,0.901077375122429
XGBoost,0.8300000000000002,0.9956616052060737,0.8211091234347049,0.9
XGBoost,0.8400000000000002,0.9956616052060737,0.8211091234347049,0.9
XGBoost,0.8500000000000002,0.9978118161925602,0.815742397137746,0.8976377952755905
XGBoost,0.8600000000000002,1.0,0.815742397137746,0.8985221674876848
XGBoost,0.8700000000000001,1.0,0.815742397137746,0.8985221674876848
XGBoost,0.8800000000000001,1.0,0.813953488372093,0.8974358974358975
XGBoost,0.8900000000000001,1.0,0.8085867620751341,0.8941641938674579
XGBoost,0.9000000000000001,1.0,0.8067978533094812,0.8930693069306931
XGBoost,0.9100000000000001,1.0,0.7996422182468694,0.8886679920477137
XGBoost,0.9200000000000002,1.0,0.7942754919499105,0.8853439680957128
XGBoost,0.9300000000000002,1.0,0.7817531305903399,0.8775100401606426
XGBoost,0.9400000000000002,1.0,0.776386404293381,0.8741188318227593
XGBoost,0.9500000000000002,1.0,0.7602862254025045,0.8638211382113821
